{
    "OrgID": 11789772,
    "ClusterName": [
        false,
        true,
        [
            "p%q4!`,<mpppygdrbnB_",
            false,
            "q[|H#~VT@6Z].^;x2MTW",
            false,
            25015
        ],
        false,
        [
            true,
            true,
            25894.969925188394,
            "jWSfM9_sD[XEiXOq*bao",
            true
        ]
    ],
    "LastChecked": "2020-04-02T09:00:05.268294Z",
    "Report": 92188.34653790391
}